{"cameraMode":{"drawMode":0,"name":"Shaded","section":"Shading Mode"},"sceneLighting":false,"audioPlay":false,"sceneViewState":{"m_AlwaysRefresh":false,"showFog":true,"showSkybox":false,"showFlares":true,"showImageEffects":true,"showParticleSystems":true,"showVisualEffectGraphs":true,"m_FxEnabled":true},"in2DMode":false,"pivot":{"x":-11.448406219482422,"y":6.727956295013428,"z":3.9128360748291017},"rotation":{"x":-0.000929149566218257,"y":-0.9926952719688416,"z":0.12000739574432373,"w":-0.009187193587422371},"size":2.0932445526123049,"orthographic":false}