{"cameraMode":{"drawMode":0,"name":"Shaded","section":"Shading Mode"},"sceneLighting":true,"audioPlay":false,"sceneViewState":{"m_AlwaysRefresh":false,"showFog":true,"showSkybox":true,"showFlares":true,"showImageEffects":true,"showParticleSystems":true,"showVisualEffectGraphs":true,"m_FxEnabled":true},"in2DMode":false,"pivot":{"x":-4.438809394836426,"y":0.45403575897216799,"z":9.266061782836914},"rotation":{"x":0.01949286460876465,"y":-0.9527771472930908,"z":0.29659903049468996,"w":0.06176941096782684},"size":6.006857395172119,"orthographic":false}