{"cameraMode":{"drawMode":0,"name":"Shaded","section":"Shading Mode"},"sceneLighting":true,"audioPlay":false,"sceneViewState":{"m_AlwaysRefresh":false,"showFog":true,"showSkybox":true,"showFlares":true,"showImageEffects":true,"showParticleSystems":true,"showVisualEffectGraphs":true,"m_FxEnabled":true},"in2DMode":false,"pivot":{"x":0.6973707675933838,"y":2.751758337020874,"z":19.05306625366211},"rotation":{"x":0.0052294181659817699,"y":0.9939323663711548,"z":-0.09870975464582443,"w":0.05161282792687416},"size":1.8211439847946168,"orthographic":false}