{"cameraMode":{"drawMode":0,"name":"Shaded","section":"Shading Mode"},"sceneLighting":true,"audioPlay":false,"sceneViewState":{"m_AlwaysRefresh":false,"showFog":true,"showSkybox":true,"showFlares":true,"showImageEffects":true,"showParticleSystems":true,"showVisualEffectGraphs":true,"m_FxEnabled":true},"in2DMode":false,"pivot":{"x":-65.69584655761719,"y":3.5491487979888918,"z":47.200286865234378},"rotation":{"x":0.17546135187149049,"y":0.6991620659828186,"z":-0.18128526210784913,"w":0.6692963242530823},"size":13.360893249511719,"orthographic":false}