{"cameraMode":{"drawMode":0,"name":"Shaded","section":"Shading Mode"},"sceneLighting":true,"audioPlay":false,"sceneViewState":{"m_AlwaysRefresh":false,"showFog":true,"showSkybox":true,"showFlares":true,"showImageEffects":true,"showParticleSystems":true,"showVisualEffectGraphs":true,"m_FxEnabled":true},"in2DMode":false,"pivot":{"x":-23.62972640991211,"y":3.974294424057007,"z":40.927696228027347},"rotation":{"x":-0.013089634478092194,"y":-0.9863373637199402,"z":0.1046261340379715,"w":-0.13031476736068726},"size":0.6202948689460754,"orthographic":false}