{"cameraMode":{"drawMode":0,"name":"Shaded","section":"Shading Mode"},"sceneLighting":true,"audioPlay":false,"sceneViewState":{"m_AlwaysRefresh":false,"showFog":true,"showSkybox":true,"showFlares":true,"showImageEffects":true,"showParticleSystems":true,"showVisualEffectGraphs":true,"m_FxEnabled":true},"in2DMode":false,"pivot":{"x":-43.53879928588867,"y":12.090954780578614,"z":29.945640563964845},"rotation":{"x":-0.024317990988492967,"y":-0.6230891346931458,"z":0.013765144161880017,"w":-0.7825028896331787},"size":1.8265527486801148,"orthographic":false}