{"cameraMode":{"drawMode":0,"name":"Shaded","section":"Shading Mode"},"sceneLighting":true,"audioPlay":false,"sceneViewState":{"m_AlwaysRefresh":false,"showFog":true,"showSkybox":true,"showFlares":true,"showImageEffects":true,"showParticleSystems":true,"showVisualEffectGraphs":true,"m_FxEnabled":true},"in2DMode":false,"pivot":{"x":-16.698307037353517,"y":3.9801909923553469,"z":36.05159378051758},"rotation":{"x":0.416837602853775,"y":-0.045848242938518527,"z":-0.021612847223877908,"w":-0.9077387452125549},"size":0.8660253882408142,"orthographic":false}