{"cameraMode":{"drawMode":0,"name":"Shaded","section":"Shading Mode"},"sceneLighting":true,"audioPlay":false,"sceneViewState":{"m_AlwaysRefresh":false,"showFog":true,"showSkybox":true,"showFlares":true,"showImageEffects":true,"showParticleSystems":true,"showVisualEffectGraphs":true,"m_FxEnabled":true},"in2DMode":false,"pivot":{"x":30.400461196899415,"y":-11.411580085754395,"z":-59.353763580322269},"rotation":{"x":-0.15488196909427644,"y":-0.7402589917182922,"z":0.1826324760913849,"w":-0.6282910108566284},"size":32.964195251464847,"orthographic":false}