{"cameraMode":{"drawMode":0,"name":"Shaded","section":"Shading Mode"},"sceneLighting":true,"audioPlay":false,"sceneViewState":{"m_AlwaysRefresh":false,"showFog":true,"showSkybox":true,"showFlares":true,"showImageEffects":true,"showParticleSystems":true,"showVisualEffectGraphs":true,"m_FxEnabled":true},"in2DMode":false,"pivot":{"x":-3.350710391998291,"y":-2.711350679397583,"z":49.08650207519531},"rotation":{"x":-0.06335163116455078,"y":0.04528750851750374,"z":-0.006433515809476376,"w":-0.9975693225860596},"size":19.167463302612306,"orthographic":false}