{"cameraMode":{"drawMode":0,"name":"Shaded","section":"Shading Mode"},"sceneLighting":true,"audioPlay":false,"sceneViewState":{"m_AlwaysRefresh":false,"showFog":true,"showSkybox":true,"showFlares":true,"showImageEffects":true,"showParticleSystems":true,"showVisualEffectGraphs":true,"m_FxEnabled":true},"in2DMode":false,"pivot":{"x":1.711920976638794,"y":-1.5665206909179688,"z":0.9942817687988281},"rotation":{"x":-0.04960927367210388,"y":-0.9121096134185791,"z":0.38976794481277468,"w":-0.11673153936862946},"size":6.006857395172119,"orthographic":false}