{"cameraMode":{"drawMode":0,"name":"Shaded","section":"Shading Mode"},"sceneLighting":true,"audioPlay":false,"sceneViewState":{"m_AlwaysRefresh":false,"showFog":true,"showSkybox":true,"showFlares":true,"showImageEffects":true,"showParticleSystems":true,"showVisualEffectGraphs":true,"m_FxEnabled":true},"in2DMode":false,"pivot":{"x":10.36840534210205,"y":0.6919444799423218,"z":31.855592727661134},"rotation":{"x":-0.04747714102268219,"y":0.18560218811035157,"z":-0.008819176815450192,"w":-0.9814954400062561},"size":32.964195251464847,"orthographic":false}