{"cameraMode":{"drawMode":0,"name":"Shaded","section":"Shading Mode"},"sceneLighting":false,"audioPlay":false,"sceneViewState":{"m_AlwaysRefresh":false,"showFog":true,"showSkybox":false,"showFlares":true,"showImageEffects":true,"showParticleSystems":true,"showVisualEffectGraphs":true,"m_FxEnabled":true},"in2DMode":false,"pivot":{"x":-1.2000000476837159,"y":3.372302293777466,"z":1.2275315523147584},"rotation":{"x":0.00011832477321149781,"y":-0.9998817443847656,"z":0.012306894175708294,"w":0.011034073308110237},"size":0.9271581768989563,"orthographic":false}